Image_Name,Label
2018-6-24_front_dist_onroad_AnnArbor1-01891.jpg,"A traffic light shows green light ahead, a car is driving away, Safe to go straight."
2018-6-24_front_dist_onroad_AnnArbor1-02281.jpg,"A traffic light shows red light ahead, a car is holding, UnSafe to go straight."
2018-6-24_front_dist_onroad_AnnArbor1-02431.jpg,"A traffic light shows green light ahead, a car is driving away, Safe to go straight."
2018-6-24_front_dist_onroad_AnnArbor1-03241.jpg,"A traffic light shows green light ahead, a car is driving forward, Safe to go straight."
2018-6-24_front_dist_onroad_AnnArbor1-05191.jpg,"A car is moving forward, a pedestrian is crossing the street, Unsafe to go straight."
2018-6-24_front_dist_onroad_AnnArbor1-05911.jpg,"A traffic light shows red light ahead, a car is holding and a pedestrian is crossing the street, UnSafe to go straight."
2018-6-24_front_dist_onroad_AnnArbor1-07201.jpg,"Clear on road ahead, Safe to go straight."
2018-6-24_front_dist_onroad_AnnArbor1-07801.jpg,"Clear on road ahead, Safe to go straight."
2018-6-24_front_dist_onroad_AnnArbor1-07831.jpg,"Clear on road ahead, Safe to go straight."
2018-6-24_front_dist_onroad_AnnArbor1-09001.jpg,"A stop sign is at the intersection, Stop, and then go stright."
2018-6-24_front_dist_onroad_AnnArbor1-09481.jpg,"A traffic light shows red light ahead, A car is holding ahead, Unsafe to go."
2018-6-24_front_dist_onroad_AnnArbor1-09601.jpg,"A traffic light shows green light ahead, A car is driving slowly, Safe to go in low speed,."
2018-6-24_front_dist_onroad_AnnArbor1-09931.jpg,"A traffic light shows green light ahead, A car is driving away, Safe to go."
2018-6-24_front_dist_onroad_AnnArbor1-10021.jpg,"A traffic light shows green light ahead, A car is driving away, Safe to turn right."
2018-6-24_front_dist_onroad_AnnArbor1-10231.jpg,"A car is moving slowly ahead, Safe to go in low speed."
2019-02-03-front_dist_onroad_AnnArbor-4-0339.jpg,"Clear on road ahead, Safe to go straight."
2019-02-03-front_dist_onroad_AnnArbor-4-0375.jpg,"Clear on road ahead, Safe to go straight."
2019-02-03-front_dist_onroad_AnnArbor-4-0441.jpg,"A stop sign is at the intersection, Stop, and then go stright."
2019-02-03-front_dist_onroad_AnnArbor-4-0605.jpg,"Clear on road ahead, Safe to go straight."
2019-02-03-front_dist_onroad_AnnArbor-4-0725.jpg,"A pedestrain is crossing the street, Slow down and hold."
2019-02-03-front_dist_onroad_AnnArbor-4-0841.jpg,"Clear on road ahead, Safe to go straight."
2019-02-03-front_dist_onroad_AnnArbor-4-0973.jpg,"Clear on road ahead, Safe to go straight."
2019-02-03-front_dist_onroad_AnnArbor-4-1121.jpg,"A stop sign is at the intersection, Slow down."
2019-02-03-front_dist_onroad_AnnArbor-4-1156.jpg,"A stop sign is at the intersection, Slow down."
2019-02-03-front_dist_onroad_AnnArbor-4-1184.jpg,"A stop sign is at the intersection, Slow down."
2019-02-03-front_dist_onroad_AnnArbor-4-1415.jpg,"Clear on road ahead, Safe to go straight."
2019-02-03-front_dist_onroad_AnnArbor-4-1454.jpg,"Clear on road ahead, Safe to go straight."
2019-02-03-front_dist_onroad_AnnArbor-4-1593.jpg,"Closing to the intersection, Slow Down."
2019-02-03-front_dist_onroad_AnnArbor-4-1640.jpg,"A traffic light shows orange light ahead, Slow down and prepare to stop."
2019-02-03-front_dist_onroad_AnnArbor-4-1793.jpg,"A traffic light shows red light ahead, Stop and hold."
2019-02-03-front_dist_onroad_AnnArbor-4-1910.jpg,"A traffic light shows red light ahead, Stop and hold."
2019-02-03-front_dist_onroad_AnnArbor-4-1970.jpg,"A traffic light shows red light ahead and a pedestrain cross the street, Stop and hold."
2019-02-03-front_dist_onroad_AnnArbor-4-2026.jpg,"A traffic light shows red light ahead and a pedestrain cross the street, Stop and hold."
2019-02-03-front_dist_onroad_AnnArbor-4-2123.jpg,"A traffic light shows red light ahead and a pedestrain cross the street, Stop and hold."
2019-02-03-front_dist_onroad_AnnArbor-4-2463.jpg,"A traffic light shows red light ahead and a pedestrain cross the street, Stop and hold."
2019-02-03-front_dist_onroad_AnnArbor-4-2483.jpg,"A traffic light shows red light ahead and a pedestrain cross the street, Stop and hold."
2019-02-03-front_dist_onroad_AnnArbor-4-2823.jpg,"A traffic light shows red light ahead and a pedestrain cross the street, Stop and hold."
2019-02-03-front_dist_onroad_AnnArbor-4-2916.jpg,"A traffic light shows red light ahead and a pedestrain cross the street, Stop and hold."
2019-02-03-front_dist_onroad_AnnArbor-4-3236.jpg,"A traffic light shows red light ahead and a pedestrain cross the street, Stop and hold."
2019-02-03-front_dist_onroad_AnnArbor-4-3318.jpg,"A traffic light shows red light ahead and a pedestrain cross the street, Stop and hold."
2019-02-03-front_dist_onroad_AnnArbor-4-3624.jpg,"A traffic light shows green light ahead, Safe to go in low speed."
2019-02-03-front_dist_onroad_AnnArbor-4-3750.jpg,"Many pedestrains are crossing street, Slow down and hold, unsafe to go."
2019-02-03-front_dist_onroad_AnnArbor-4-3763.jpg,"Many pedestrains are crossing street, Slow down and hold, unsafe to go."
2019-02-03-front_dist_onroad_AnnArbor-4-3826.jpg,"Many pedestrains are crossing street, Slow down and hold, unsafe to go."
2019-02-03-front_dist_onroad_AnnArbor-4-3936.jpg,"Clear on road ahead, Safe to go straight."
2019-02-03-front_dist_onroad_AnnArbor-4-4005.jpg,"Clear on road ahead, Safe to go straight."
2019-02-03-front_dist_onroad_AnnArbor-4-4109.jpg,"A car is moving slowly ahead, Safe to go in low speed."
2019-02-03-front_dist_onroad_AnnArbor-4-4240.jpg,"A car is breaking ahead, Slow down and ready to stop."
2018-6-24_front_dist_onroad_AnnArbor4-00061.jpg,"A stop sign is at the intersection, Slow down."
2018-6-24_front_dist_onroad_AnnArbor4-00871.jpg,"A stop sign is at the intersection, Slow down."
2018-6-24_front_dist_onroad_AnnArbor4-01321.jpg,"A car is moving slowly ahead, Safe to go in low speed."
2018-6-24_front_dist_onroad_AnnArbor4-01411.jpg,"A car stop ahead, Unsafe to go."
2018-6-24_front_dist_onroad_AnnArbor4-01471.jpg,"A car stop ahead, Unsafe to go."
2018-6-24_front_dist_onroad_AnnArbor4-01711.jpg,"A car is moving, Unsafe to go."
2018-6-24_front_dist_onroad_AnnArbor4-02341.jpg,"Clear on road ahead, Safe to turn right."
2018-6-24_front_dist_onroad_AnnArbor4-02821.jpg,"Clear on road ahead, Safe to go."
2018-6-24_front_dist_onroad_AnnArbor4-03241.jpg,"Clear on road ahead, Safe to go."
2018-6-24_front_dist_onroad_AnnArbor4-03301.jpg,"A traffic light shows green light ahead, a car is driving away, Safe to go straight."
2018-6-24_front_dist_onroad_AnnArbor4-03421.jpg,"A traffic light shows green light ahead, Safe to go straight."
2018-6-24_front_dist_onroad_AnnArbor4-04201.jpg,"A traffic light shows green light ahead, Safe to go straight."
2018-6-24_front_dist_onroad_AnnArbor4-04291.jpg,"A traffic light shows green light ahead, Safe to go straight."
2018-6-24_front_dist_onroad_AnnArbor4-04651.jpg,"A traffic light shows red light ahead and a pedestrain cross the street, Stop and hold."
2018-6-24_front_dist_onroad_AnnArbor4-04711.jpg,"A traffic light shows red light ahead and a pedestrain cross the street, Stop and hold."
2018-6-24_front_dist_onroad_AnnArbor4-05191.jpg,"A traffic light shows red light ahead and a pedestrain cross the street, Stop and hold."
2018-6-24_front_dist_onroad_AnnArbor4-05311.jpg,"A traffic light shows red light ahead and a pedestrain cross the street, Stop and hold."
2018-6-24_front_dist_onroad_AnnArbor4-05431.jpg,"A traffic light shows green light ahead, Safe to go straight."
2018-6-24_front_dist_onroad_AnnArbor4-06241.jpg,"Clear on road ahead, Safe to go straight."
2018-6-24_front_dist_onroad_AnnArbor4-06271.jpg,"Clear on road ahead, Safe to go straight."
2018-6-24_front_dist_onroad_AnnArbor4-06481.jpg,"A traffic light shows red light ahead and a pedestrain cross the street, Stop and hold."
2018-6-24_front_dist_onroad_AnnArbor4-07141.jpg,"A traffic light shows red light ahead and a pedestrain cross the street, Stop and hold."
2018-6-24_front_dist_onroad_AnnArbor4-07261.jpg,"A traffic light shows green light ahead, but pedestrains are crossing the street, Stop and hold."
2018-6-24_front_dist_onroad_AnnArbor4-07471.jpg,"Clear on road ahead, Safe to go straight."
2018-6-24_front_dist_onroad_AnnArbor4-07591.jpg,"A traffic light shows red light ahead and two pedestrains are crossing the street, Stop and hold."
2018-6-24_front_dist_onroad_AnnArbor4-07651.jpg,"A traffic light shows red light ahead and two pedestrains are crossing the street, Stop and hold."
2018-6-24_front_dist_onroad_AnnArbor4-07921.jpg,"A traffic light shows red light ahead, Stop and hold."
2018-6-24_front_dist_onroad_AnnArbor4-08161.jpg,"A traffic light shows red light ahead, Stop and hold."
2018-6-24_front_dist_onroad_AnnArbor4-08401.jpg,"A traffic light shows green light ahead, Safe to go straight."
2018-6-24_front_dist_onroad_AnnArbor4-08461.jpg,"A traffic light shows green light ahead, Safe to go straight."
2018-6-24_front_dist_onroad_AnnArbor4-08731.jpg,"Clear on road ahead, Safe to go."
2018-6-24_front_dist_onroad_AnnArbor4-09241.jpg,"Clear on road ahead, Safe to go."
2018-6-24_front_dist_onroad_AnnArbor4-09301.jpg,"Clear on road ahead, Safe to go."
2018-6-24_front_dist_onroad_AnnArbor4-09571.jpg,"A traffic light shows green light ahead, Safe to go straight."
2019-02-03-front_dist_onroad_AnnArbor-4-4518.jpg,"A car is breaking ahead, Slow down and ready to stop."
2019-02-03-front_dist_onroad_AnnArbor-4-4567.jpg,"A car is breaking ahead, Slow down and ready to stop."
2019-02-03-front_dist_onroad_AnnArbor-4-4675.jpg,"A traffic light shows green head, A car is moving slowly ahead, Safe to go in low speed."
2019-02-03-front_dist_onroad_AnnArbor-4-4852.jpg,"A traffic light shows green head, A car is moving slowly ahead, Safe to go in low speed."
2019-02-03-front_dist_onroad_AnnArbor-4-4999.jpg,"A traffic light shows green head, A pedestrain cross the street, Stop and hold."
2019-02-03-front_dist_onroad_AnnArbor-4-5136.jpg,"Clear on road ahead, Safe to go."
2019-02-03-front_dist_onroad_AnnArbor-4-5175.jpg,"Clear on road ahead, Safe to go."
2019-02-03-front_dist_onroad_AnnArbor-4-5275.jpg,"Clear on road ahead, Safe to go."
2019-02-03-front_dist_onroad_AnnArbor-4-5490.jpg,"A car is breaking ahead and turning right, Slow down and ready to stop."
2019-02-03-front_dist_onroad_AnnArbor-4-5555.jpg,"Clear on road ahead, Safe to go."
2019-02-19-front_dist_onroad_AnnArbor-200000039.jpg,"A pedestrain cross the street, Stop and hold."
2019-02-19-front_dist_onroad_AnnArbor-200000111.jpg,"Clear on road ahead, Safe to go."
2019-02-19-front_dist_onroad_AnnArbor-200000205.jpg,"A traffic light shows red light ahead, One car is stoping ahead, Slow down the speed."
2019-02-19-front_dist_onroad_AnnArbor-200000293.jpg,"A traffic light shows red light ahead, One car is stoping ahead, Slow down the speed."
2019-02-19-front_dist_onroad_AnnArbor-200000480.jpg,"A traffic light shows red light ahead and a pedestrain cross the street, Stop and hold."
2019-02-19-front_dist_onroad_AnnArbor-200000430.jpg,"A traffic light shows green light ahead, a car is driving slowly ahead, Safe to go straight."
2019-02-19-front_dist_onroad_AnnArbor-200000352.jpg,"A traffic light shows green light ahead, a car is driving slowly ahead, Safe to go straight."
2019-02-19-front_dist_onroad_AnnArbor-200000531.jpg,"A traffic light shows red light ahead and a pedestrain cross the street, Stop and hold."
2019-02-19-front_dist_onroad_AnnArbor-200000642.jpg,"A traffic light shows red light ahead and a pedestrain cross the street, Stop and hold."
2019-02-19-front_dist_onroad_AnnArbor-200000761.jpg,"Pedestrians are crossing the steet, Stop and hold"
2019-02-19-front_dist_onroad_AnnArbor-200000795.jpg,"Pedestrians are crossing the steet, Stop and hold"
2019-02-19-front_dist_onroad_AnnArbor-200001169.jpg,"Stop sign ahead, pedestrian is crossing the steet, Slow down then Stop and hold."
2019-02-19-front_dist_onroad_AnnArbor-200001201.jpg,"Stop sign ahead, pedestrian is crossing the steet, Stop and hold."
2019-02-19-front_dist_onroad_AnnArbor-200001232.jpg,"Stop sign ahead, pedestrian is crossing the steet, Stop and hold."
2019-02-19-front_dist_onroad_AnnArbor-200001352.jpg,"Stop sign ahead, a biker is going to cross the steet, Stop and hold."
2019-02-19-front_dist_onroad_AnnArbor-200001359.jpg,"Stop sign ahead, a biker is going to cross the steet, Stop and hold."
2019-02-19-front_dist_onroad_AnnArbor-200001403.jpg,"Stop sign ahead, a biker is crossing the steet, Stop and hold."
2019-02-19-front_dist_onroad_AnnArbor-200001413.jpg,"Stop sign ahead, a biker will be off the street, Safe to go straight."
2019-02-19-front_dist_onroad_AnnArbor-200001995.jpg,"Pedestrians are crossing the steet ahead, Safe to go in low speed."
2019-02-19-front_dist_onroad_AnnArbor-200002036.jpg,"Pedestrians are crossing the steet ahead, Safe to go in low speed."
2019-02-19-front_dist_onroad_AnnArbor-200002341.jpg,"Traffic lights are shown in a distance, cars stopped ahead, safe to go in low speed."
2019-02-19-front_dist_onroad_AnnArbor-200002435.jpg,"Traffic lights are shown in a distance, cars stopped ahead, safe to go in low speed."
2019-02-19-front_dist_onroad_AnnArbor-200002537.jpg,"A traffic light shows green light ahead, a car is driving slowly ahead, Safe to go straight."
2019-02-19-front_dist_onroad_AnnArbor-200002581.jpg,"A traffic light shows green light ahead, a car is driving slowly ahead, Safe to go straight."
2019-02-19-front_dist_onroad_AnnArbor-200002643.jpg,"A traffic light shows green light ahead, a car is driving slowly ahead, Safe to go straight."
2018-6-24_front_dist_onroad_AnnArbor2-00211.jpg,"A traffic light shows red ahead, a car is stopped ahead, Stop and hold."
2018-6-24_front_dist_onroad_AnnArbor2-00271.jpg,"A traffic light shows red ahead, a car is stopped ahead, Stop and hold."
2018-6-24_front_dist_onroad_AnnArbor2-00751.jpg,"A traffic light shows green ahead, a car is driving slowly ahead, Safe to go in low speed."
2018-6-24_front_dist_onroad_AnnArbor2-00811.jpg,"A traffic light shows green ahead, a car is driving ahead, Safe to go in low speed."
2018-6-24_front_dist_onroad_AnnArbor2-00961.jpg,"A traffic light shows green ahead, a car is driving ahead in a distance, Safe to go straight."
2018-6-24_front_dist_onroad_AnnArbor2-01021.jpg,"A traffic light shows green ahead, a car is driving ahead in a distance, Safe to go straight."
2018-6-24_front_dist_onroad_AnnArbor2-01111.jpg,"A traffic light shows green ahead, a car is driving ahead in a distance, Safe to go straight."
2018-6-24_front_dist_onroad_AnnArbor2-01261.jpg,"A traffic light shows red ahead, a car is stopped ahead in a distance, Safe to go in low speed."
2018-6-24_front_dist_onroad_AnnArbor2-01411.jpg,"A traffic light shows green ahead, a car is driving ahead in a distance, Safe to go straight."
2018-6-24_front_dist_onroad_AnnArbor2-01441.jpg,"A traffic light shows green ahead, a car is driving ahead in a distance, Safe to go straight."
2018-6-24_front_dist_onroad_AnnArbor2-01501.jpg,"A traffic light shows green ahead, a car is driving ahead in a distance, Safe to go straight."
2018-6-24_front_dist_onroad_AnnArbor2-01561.jpg,"Traffic lights are shown in a distance, cars stopped ahead, safe to go in low speed."
2018-6-24_front_dist_onroad_AnnArbor2-01891.jpg,"A traffic light shows red ahead, a car is stopped ahead in a distance, Stop and hold."
2018-6-24_front_dist_onroad_AnnArbor2-02131.jpg,"A traffic light shows red ahead, a car is stopped ahead in a distance, Stop and hold."
2018-6-24_front_dist_onroad_AnnArbor2-02191.jpg,"A traffic light shows red ahead, a car is stopped ahead in a distance, Stop and hold."
2018-6-24_front_dist_onroad_AnnArbor2-02281.jpg,"A traffic light shows red ahead, a car is stopped ahead in a distance, Stop and hold."
2018-6-24_front_dist_onroad_AnnArbor2-03241.jpg,"A traffic light shows red ahead, a car is stopped ahead in a distance, Stop and hold."
2018-6-24_front_dist_onroad_AnnArbor2-03271.jpg,"A traffic light shows red ahead, a car is stopped ahead in a distance, Stop and hold."
2018-6-24_front_dist_onroad_AnnArbor2-03541.jpg,"A traffic light shows red ahead, a car is stopped ahead in a distance, Stop and hold."
2018-6-24_front_dist_onroad_AnnArbor2-03781.jpg,"A traffic light shows green ahead, a car is drving slowly ahead, Safe to go in low speed."
2018-6-24_front_dist_onroad_AnnArbor2-03841.jpg,"A traffic light shows green ahead, a car is drving  slowly ahead, Safe to go in low speed."
2018-6-24_front_dist_onroad_AnnArbor2-03931.jpg,"A traffic light shows green ahead, a car is drving  ahead, Safe to go."
2018-6-24_front_dist_onroad_AnnArbor2-04021.jpg,"A traffic light shows green ahead, a car is drving ahead, Safe to go straight."
2018-6-24_front_dist_onroad_AnnArbor2-04081.jpg,"A traffic light shows green ahead, a car is drving ahead, Safe to go straight."
2018-6-24_front_dist_onroad_AnnArbor2-04141.jpg,"Clear on road ahead, Safe to go."
2018-6-24_front_dist_onroad_AnnArbor2-04201.jpg,"Clear on road ahead, Safe to go."
2018-6-24_front_dist_onroad_AnnArbor2-04261.jpg,"Clear on road ahead, Safe to go."
2018-6-24_front_dist_onroad_AnnArbor2-04381.jpg,"Clear on road ahead, Safe to go."
2018-6-24_front_dist_onroad_AnnArbor2-04441.jpg,"stop sign and closed raod ahead, Slow down to stop and hold, Need to turn."
2018-6-24_front_dist_onroad_AnnArbor2-04501.jpg,"stop sign and closed raod ahead, Slow down to stop and hold, Need to turn."
2018-6-24_front_dist_onroad_AnnArbor2-04561.jpg,"stop sign and closed raod ahead, Slow down to stop and hold, Need to turn."
2018-6-24_front_dist_onroad_AnnArbor2-04651.jpg,"stop sign and closed raod ahead, Slow down to stop and hold, Need to turn."
2018-6-24_front_dist_onroad_AnnArbor2-04801.jpg,"stop sign and closed raod ahead, Slow down to stop and hold, Need to turn."
2018-6-24_front_dist_onroad_AnnArbor2-04951.jpg,"Clear on road ahead, Safe to go."
2018-6-24_front_dist_onroad_AnnArbor2-05041.jpg,"Clear on road ahead, Safe to go."
2018-6-24_front_dist_onroad_AnnArbor2-05131.jpg,"Clear on road ahead, Safe to go."
2018-6-24_front_dist_onroad_AnnArbor2-05221.jpg,"Clear on road ahead, Safe to go."
2018-6-24_front_dist_onroad_AnnArbor2-05341.jpg,"Clear on road ahead, Safe to go."
2018-6-24_front_dist_onroad_AnnArbor2-05521.jpg,"Clear on road ahead, Safe to go."
2018-6-24_front_dist_onroad_AnnArbor2-05701.jpg,"Clear on road ahead, Safe to go."
2018-6-24_front_dist_onroad_AnnArbor2-05791.jpg,"Clear on road ahead, Safe to go."
2018-6-24_front_dist_onroad_AnnArbor2-05911.jpg,"Clear on road ahead, Safe to go."
2018-6-24_front_dist_onroad_AnnArbor2-06001.jpg,"Clear on road ahead, Safe to go."
2018-6-24_front_dist_onroad_AnnArbor2-06031.jpg,"Clear on road ahead, Safe to go."
2018-6-24_front_dist_onroad_AnnArbor2-06061.jpg,"Clear on road ahead, Safe to go."
2018-6-24_front_dist_onroad_AnnArbor2-06091.jpg,"Clear on road ahead, Safe to go."
2018-6-24_front_dist_onroad_AnnArbor2-06361.jpg,"Clear on road ahead, Safe to go."
2018-6-24_front_dist_onroad_AnnArbor2-06451.jpg,"Clear on road ahead, Safe to go."
2018-6-24_front_dist_onroad_AnnArbor2-06511.jpg,"Clear on road ahead, Safe to go."
2018-6-24_front_dist_onroad_AnnArbor2-06601.jpg,"Clear on road ahead, Safe to go."
2018-6-24_front_dist_onroad_AnnArbor2-06751.jpg,"Clear on road ahead, Safe to go."
2018-6-24_front_dist_onroad_AnnArbor2-06871.jpg,"Clear on road ahead, Safe to go."
2018-6-24_front_dist_onroad_AnnArbor2-07051.jpg,"Clear on road ahead, Safe to go."
2018-6-24_front_dist_onroad_AnnArbor2-07141.jpg,"Clear on road ahead, Safe to go."
2018-6-24_front_dist_onroad_AnnArbor2-07231.jpg,"Clear on road ahead, Safe to go."
2018-6-24_front_dist_onroad_AnnArbor2-07291.jpg,"A stop sign is at the intersection, Slow down."
2018-6-24_front_dist_onroad_AnnArbor2-07291.jpg,"A stop sign is at the intersection, Slow down."
2018-6-24_front_dist_onroad_AnnArbor2-07291.jpg,"A stop sign is at the intersection, Slow down."
2018-6-24_front_dist_onroad_AnnArbor2-07381.jpg,"Clear on road ahead, Safe to go."
2018-6-24_front_dist_onroad_AnnArbor2-07531.jpg,"Clear on road ahead, Safe to go."
2018-6-24_front_dist_onroad_AnnArbor2-07591.jpg,"Clear on road ahead, Safe to go."
2018-6-24_front_dist_onroad_AnnArbor2-07921.jpg,"Clear on road ahead, Safe to go."
2018-6-24_front_dist_onroad_AnnArbor2-08011.jpg,"Clear on road ahead, Safe to go."
2018-6-24_front_dist_onroad_AnnArbor2-08011.jpg,"Clear on road ahead, Safe to go."
2018-6-24_front_dist_onroad_AnnArbor2-08161.jpg,"Clear on road ahead, Safe to go."
2018-6-24_front_dist_onroad_AnnArbor2-08251.jpg,"Clear on road ahead, Safe to go."
2018-6-24_front_dist_onroad_AnnArbor2-08491.jpg,"Clear on road ahead, Safe to go."
2018-6-24_front_dist_onroad_AnnArbor2-08611.jpg,"A stop sign is at the intersection, Slow down."
2018-6-24_front_dist_onroad_AnnArbor2-08641.jpg,"A stop sign is at the intersection, Slow down."
2018-6-24_front_dist_onroad_AnnArbor2-08701.jpg,"A stop sign is at the intersection, Slow down."
2018-6-24_front_dist_onroad_AnnArbor2-08731.jpg,"Clear on road ahead, Safe to go."
2018-6-24_front_dist_onroad_AnnArbor2-08821.jpg,"Clear on road ahead, Safe to go."
2018-6-24_front_dist_onroad_AnnArbor2-08881.jpg,"Clear on road ahead, Safe to go."
2018-6-24_front_dist_onroad_AnnArbor2-08941.jpg,"Clear on road ahead, Safe to go."
2018-6-24_front_dist_onroad_AnnArbor2-09001.jpg,"Clear on road ahead, Safe to go."
2018-6-24_front_dist_onroad_AnnArbor2-09061.jpg,"A traffic light shows red ahead, Slow down and then stop."
2018-6-24_front_dist_onroad_AnnArbor2-09121.jpg,"A traffic light shows red ahead, Slow down and then stop."
2018-6-24_front_dist_onroad_AnnArbor2-09211.jpg,"A traffic light shows red ahead,pedestrains are crossing the street, Stop and hold."
2018-6-24_front_dist_onroad_AnnArbor2-09301.jpg,"A traffic light shows red ahead,pedestrains are crossing the street, Stop and hold."
2018-6-24_front_dist_onroad_AnnArbor2-09451.jpg,"A traffic light shows red ahead,pedestrains are crossing the street, Stop and hold."
2018-6-24_front_dist_onroad_AnnArbor2-09631.jpg,"A traffic light shows red ahead,pedestrains are crossing the street, Stop and hold."
2018-6-24_front_dist_onroad_AnnArbor2-09691.jpg,"A traffic light shows red ahead,pedestrains are crossing the street, Stop and hold."
2018-6-24_front_dist_onroad_AnnArbor2-09871.jpg,"A traffic light shows red ahead,pedestrains are crossing the street, Stop and hold."
2018-6-24_front_dist_onroad_AnnArbor2-10231.jpg,"A traffic light shows green ahead, Safe to go straight."
2018-6-24_front_dist_onroad_AnnArbor5-00001.jpg,"Clear on road ahead, Safe to go."
2018-6-24_front_dist_onroad_AnnArbor5-00091.jpg,"A stop sign is at the intersection, Slow down."
2018-6-24_front_dist_onroad_AnnArbor5-00121.jpg,"A stop sign is at the intersection, Slow down."
2018-6-24_front_dist_onroad_AnnArbor5-00151.jpg,"A stop sign is at the intersection, Slow down."
2018-6-24_front_dist_onroad_AnnArbor5-00181.jpg,"Clear on road ahead, Safe to go."
2018-6-24_front_dist_onroad_AnnArbor5-00241.jpg,"Clear on road ahead, Safe to go."
2018-6-24_front_dist_onroad_AnnArbor5-00331.jpg,"Clear on road ahead, Safe to go."
2018-6-24_front_dist_onroad_AnnArbor5-00421.jpg,"Clear on road ahead, Safe to go."
2018-6-24_front_dist_onroad_AnnArbor5-00541.jpg,"A stop sign is at the intersection, Slow down."
2018-6-24_front_dist_onroad_AnnArbor5-00571.jpg,"A stop sign is at the intersection, Slow down."
2018-6-24_front_dist_onroad_AnnArbor5-00601.jpg,"A stop sign is at the intersection, Slow down."
2018-6-24_front_dist_onroad_AnnArbor5-00631.jpg,"A traffic light shows red ahead, Stop and hold."
2018-6-24_front_dist_onroad_AnnArbor5-00691.jpg,"A traffic light shows red ahead, Stop and hold."
2018-6-24_front_dist_onroad_AnnArbor5-00751.jpg,"Clear on road ahead, Safe to go."
2018-6-24_front_dist_onroad_AnnArbor5-00811.jpg,"Clear on road ahead, Safe to go."
2018-6-24_front_dist_onroad_AnnArbor5-00931.jpg,"Clear on road ahead, Safe to go."
2018-6-24_front_dist_onroad_AnnArbor5-01021.jpg,"Clear on road ahead, Safe to go."
2018-6-24_front_dist_onroad_AnnArbor5-01111.jpg,"Clear on road ahead, Safe to go."
2018-6-24_front_dist_onroad_AnnArbor5-01201.jpg,"Clear on road ahead, Safe to go."
2018-6-24_front_dist_onroad_AnnArbor5-01321.jpg,"Clear on road ahead, Safe to go."
2018-6-24_front_dist_onroad_AnnArbor5-01441.jpg,"A stop sign is at the intersection, Slow down."
2018-6-24_front_dist_onroad_AnnArbor5-01501.jpg,"A stop sign is at the intersection, Slow down."
2018-6-24_front_dist_onroad_AnnArbor5-01561.jpg,"A stop sign is at the intersection, Slow down."
2018-6-24_front_dist_onroad_AnnArbor5-01621.jpg,"Cars are from different directions, Wait for other cars passing."
2018-6-24_front_dist_onroad_AnnArbor5-01681.jpg,"Cars are from different directions, Wait for other cars passing."
2018-6-24_front_dist_onroad_AnnArbor5-01711.jpg,"Cars are from different directions, Wait for other cars passing."
2018-6-24_front_dist_onroad_AnnArbor5-01741.jpg,"Cars are from different directions, Wait for other cars passing."
2018-6-24_front_dist_onroad_AnnArbor5-01801.jpg,"Clear on road ahead, Safe to go."
2018-6-24_front_dist_onroad_AnnArbor5-01861.jpg,"Clear on road ahead, Safe to go."
2018-6-24_front_dist_onroad_AnnArbor5-01921.jpg,"Clear on road ahead, Safe to go."
2018-6-24_front_dist_onroad_AnnArbor5-02011.jpg,"Clear on road ahead, Safe to go."
2018-6-24_front_dist_onroad_AnnArbor5-02101.jpg,"Clear on road ahead, Safe to go."
2018-6-24_front_dist_onroad_AnnArbor5-02221.jpg,"Clear on road ahead, Safe to go."
2018-6-24_front_dist_onroad_AnnArbor5-02341.jpg,"Clear on road ahead, Safe to go."
2018-6-24_front_dist_onroad_AnnArbor5-02491.jpg,"A stop sign is at the intersection, Slow down."
2018-6-24_front_dist_onroad_AnnArbor5-02611.jpg,"A stop sign is at the intersection, Slow down."
2018-6-24_front_dist_onroad_AnnArbor5-02671.jpg,"Clear on road ahead, Safe to go."
2018-6-24_front_dist_onroad_AnnArbor5-02701.jpg,"Clear on road ahead, Safe to go."
2018-6-24_front_dist_onroad_AnnArbor5-02761.jpg,"Clear on road ahead, Safe to go."
2018-6-24_front_dist_onroad_AnnArbor5-07561.jpg,Clear on road ahead. Safe to go straight
2018-6-24_front_dist_onroad_AnnArbor5-07351.jpg,"Stop sign ahead, a car is stop at the intersection, Stop and hold."
2018-6-24_front_dist_onroad_AnnArbor5-07021.jpg,"A car is stop at the intersection ahead, Slow down"
2018-6-24_front_dist_onroad_AnnArbor5-07861.jpg,"A traffic light shows red light ahead, One car is stoping ahead, Slow down the speed."
2018-6-24_front_dist_onroad_AnnArbor5-06931.jpg,"A car is moving slowly ahead, Safe to go in low speed."
2018-6-24_front_dist_onroad_AnnArbor5-07951.jpg,"A car is stop ahead, Stop and hold"
2018-6-24_front_dist_onroad_AnnArbor5-06661.jpg,"A traffic light shows green light ahead, a car is driving away, Safe to go straight."
2018-6-24_front_dist_onroad_AnnArbor5-07231.jpg,"Stop sign ahead, a car is stop at the intersection, Stop and hold."
2018-6-24_front_dist_onroad_AnnArbor5-07771.jpg,"A traffic light shows red ahead, a car is stopped ahead in a distance, Stop and hold."
2018-6-24_front_dist_onroad_AnnArbor5-07141.jpg,"Stop sign ahead, a car is stop at the intersection, Stop and hold."
2018-6-24_front_dist_onroad_AnnArbor5-06781.jpg,"A car is moving ahead, some pedestrians are waiting at the intersection, Safe to go"
2018-6-24_front_dist_onroad_AnnArbor5-06721.jpg,"A car is moving ahead, some pedestrians are waiting at the intersection, Slow down and watch out the pedestrians"
2018-6-24_front_dist_onroad_AnnArbor5-06601.jpg,"A traffic light shows green light ahead, a car is driving away, Safe to go straight."
2018-6-24_front_dist_onroad_AnnArbor5-06841.jpg,"A car is moving slowly ahead, Safe to go in low speed."
2018-6-24_front_dist_onroad_AnnArbor5-06541.jpg,"A traffic light shows green ahead, a car is drving slowly ahead, Safe to go in low speed."
2018-6-24_front_dist_onroad_AnnArbor5-06481.jpg,"A traffic light is shown ahead, cars stopped ahead, Be prepare to stop"
2018-6-24_front_dist_onroad_AnnArbor5-04621.jpg,"Pedestrains are crossing the street, Stop and hold."
2018-6-24_front_dist_onroad_AnnArbor5-04711.jpg,"Traffic lights are shown in a distance, cars stopped ahead, safe to go in low speed."
2018-6-24_front_dist_onroad_AnnArbor5-04531.jpg,"A traffic light shows green light ahead, two pedestrains are crossing the street, Stop and hold to turn"
2018-6-24_front_dist_onroad_AnnArbor5-05101.jpg,"Traffic lights are shown in a distance, cars stopped ahead, safe to go in low speed."
2018-6-24_front_dist_onroad_AnnArbor5-05701.jpg,"Traffic lights are shown in a distance, cars stopped ahead, safe to go in low speed."
2018-6-24_front_dist_onroad_AnnArbor5-04801.jpg,"Clear on road ahead, Safe to go."
2018-6-24_front_dist_onroad_AnnArbor5-04561 - Copy.jpg,"A traffic light shows green light ahead, two pedestrains are crossing the street, Stop and hold to turn"
2018-6-24_front_dist_onroad_AnnArbor5-04561.jpg,"A traffic light shows green light ahead, two pedestrains are crossing the street, Stop and hold to turn"
2018-6-24_front_dist_onroad_AnnArbor5-04471.jpg,"Pedestrians are crossing the street, Safe to go in low speed."
2018-6-24_front_dist_onroad_AnnArbor5-04891.jpg,"Traffic lights are shown in a distance, cars stopped ahead, safe to go in low speed."
2018-6-24_front_dist_onroad_AnnArbor5-04651.jpg,"Pedestrians are crossing the street, Safe to go in low speed."
2018-6-24_front_dist_onroad_AnnArbor5-03811.jpg,"Pedestrians are crossing the street, Safe to go in low speed."
2018-6-24_front_dist_onroad_AnnArbor5-04381.jpg,"A traffic light shows green ahead, Safe to go straight."
2018-6-24_front_dist_onroad_AnnArbor5-04591.jpg,"A traffic light shows green light ahead, two pedestrains are crossing the street, Stop and hold to turn"
2018-6-24_front_dist_onroad_AnnArbor5-03601.jpg,"Pedestrians are crossing the street, Safe to go in low speed."
2018-6-24_front_dist_onroad_AnnArbor5-02941.jpg,"Clear on road ahead, Safe to go."
2018-6-24_front_dist_onroad_AnnArbor5-03901.jpg,"Clear on road ahead, Safe to go."
2018-6-24_front_dist_onroad_AnnArbor5-04171.jpg,"Traffic lights are shown in a distance, Safe to go in low speed."
2018-6-24_front_dist_onroad_AnnArbor5-03151.jpg,"Clear on road ahead, Safe to go."
2018-6-24_front_dist_onroad_AnnArbor5-04351.jpg,"A traffic light shows red ahead, Slow down and then stop."
2018-6-24_front_dist_onroad_AnnArbor5-03961.jpg,"Clear on road ahead, Safe to go."
2018-6-24_front_dist_onroad_AnnArbor5-03301.jpg,"A stop sign is at the intersection, Slow down."
2018-6-24_front_dist_onroad_AnnArbor5-03271.jpg,"A stop sign is shown in a distance, Safe to go in low speed."
2018-6-24_front_dist_onroad_AnnArbor5-04231.jpg,"Traffic lights are shown in a distance, Safe to go in low speed."
2018-6-24_front_dist_onroad_AnnArbor5-04291.jpg,"A traffic light shows red light ahead and a pedestrain cross the street, Stop and hold."
2018-6-24_front_dist_onroad_AnnArbor5-03451.jpg,"Pedestrians are crossing the street, Safe to go in low speed."
2018-6-24_front_dist_onroad_AnnArbor5-03361.jpg,"A stop sign is at the intersection, Slow down."
2018-6-24_front_dist_onroad_AnnArbor5-03841.jpg,"Pedestrian are crossing the street, UnSafe to go straight."
2018-6-24_front_dist_onroad_AnnArbor5-03061.jpg,"Clear on road ahead, Safe to go. Watch out the pedestrians."
2018-6-24_front_dist_onroad_AnnArbor5-03691.jpg,"Pedestrian are crossing the street in a distance, Safe to go straight."
2018-6-24_front_dist_onroad_AnnArbor5-03331.jpg,"A stop sign is at the intersection, Slow down."
2018-6-24_front_dist_onroad_AnnArbor5-04051.jpg,"Traffic lights are shown in a distance, Safe to go."
2018-6-24_front_dist_onroad_AnnArbor5-03781.jpg,"Pedestrians are crossing the street, Safe to go in low speed."
2018-6-24_front_dist_onroad_AnnArbor2-07321.jpg,"A stop sign is shown in a distance, Safe to go in low speed."
2019-03-12-front_dist_onroad_AnnArbor-1-11671.jpg,"A traffic light shows green light ahead, Safe to go in low speed."
2019-03-12-front_dist_onroad_AnnArbor-1-11761.jpg,"A traffic light shows green light ahead, Safe to go right in low speed."
2019-03-12-front_dist_onroad_AnnArbor-1-12061.jpg,"A traffic light shows green light ahead, Safe to go in low speed."
2019-03-12-front_dist_onroad_AnnArbor-1-12931.jpg,"A traffic light shows orange light ahead, Not safe to go."
2019-03-12-front_dist_onroad_AnnArbor-1-12961.jpg,"A traffic light shows red light ahead, Please stop"
2019-03-12-front_dist_onroad_AnnArbor-1-13111.jpg,"A traffic light shows red light ahead and a pedestrain cross the street, Stop and hold."
2019-03-12-front_dist_onroad_AnnArbor-1-14371.jpg,"Clear on road ahead, Safe to go."
2019-03-12-front_dist_onroad_AnnArbor-1-14431.jpg,"Clear on road ahead, Safe to go."
2019-03-12-front_dist_onroad_AnnArbor-1-14461.jpg,"Clear on road ahead, Safe to go."
2019-03-12-front_dist_onroad_AnnArbor-1-14491.jpg,"Clear on road ahead, Safe to go."
2019-03-12-front_dist_onroad_AnnArbor-1-14941.jpg,"A traffic light shows red light ahead, Slow down and stop."
2019-03-12-front_dist_onroad_AnnArbor-1-14971.jpg,"A traffic light shows green light ahead and a white car ahead, Safe to go in low speed."
2019-03-12-front_dist_onroad_AnnArbor-1-16021.jpg,"A black car is in the cross street, Safe to go in slow speed."
2019-03-12-front_dist_onroad_AnnArbor-1-16051.jpg,"A black car is in the cross street, Safe to go in slow speed."
2019-03-12-front_dist_onroad_AnnArbor-1-16711.jpg,"A white bus is ahead, Slow down and wait to go."
2019-03-12-front_dist_onroad_AnnArbor-1-16771.jpg,"A white bus is ahead, Slow down and wait to go."
2019-03-12-front_dist_onroad_AnnArbor-1-17581.jpg,"A white bus is ahead, Drive in a low speed."
2019-03-12-front_dist_onroad_AnnArbor-1-17671.jpg,"A white bus is ahead, Drive in a low speed."
2019-03-12-front_dist_onroad_AnnArbor-1-17911.jpg,"A white bus is ahead, Drive in a low speed."
2019-03-12-front_dist_onroad_AnnArbor-1-17971.jpg,"A stop sign is at the intersection, Slow down and stop."
2019-03-12-front_dist_onroad_AnnArbor-1-18241.jpg,"A bus is driving through the intersection, Stop and wait."
2019-03-12-front_dist_onroad_AnnArbor-1-18961.jpg,"A bus is driving through the intersection, Stop and wait."
2019-03-12-front_dist_onroad_AnnArbor-1-18991.jpg,"A bus is driving through the intersection, Stop and wait."
2019-03-12-front_dist_onroad_AnnArbor-1-19591.jpg,"A traffic light shows red light ahead and a white car is driving through the intersection ,Please Stop."
2019-03-12-front_dist_onroad_AnnArbor-1-19681.jpg,"A traffic light shows red light ahead and a white car is driving through the intersection ,Please Stop."
2019-03-12-front_dist_onroad_AnnArbor-1-19831.jpg,"A traffic light shows green light ahead, Safe to go in low speed."
2019-03-12-front_dist_onroad_AnnArbor-1-19921.jpg,"A traffic light shows green light ahead, Safe to go in low speed."
2019-03-12-front_dist_onroad_AnnArbor-1-20491.jpg,"A traffic light shows green light ahead, Safe to go in low speed."
2019-03-12-front_dist_onroad_AnnArbor-1-20581.jpg,"A traffic light shows green light ahead, Safe to go in low speed."
2019-03-12-front_dist_onroad_AnnArbor-1-21841.jpg,"A traffic light shows green light ahead, Safe to go in low speed."
2019-03-12-front_dist_onroad_AnnArbor-1-22141.jpg,"Clear on road ahead, Safe to go."
2019-03-12-front_dist_onroad_AnnArbor-1-22261.jpg,"A traffic light shows green light ahead, Safe to go in low speed."
2019-03-12-front_dist_onroad_AnnArbor-1-23641.jpg,"A traffic light shows green light ahead, Safe to go in low speed."
2019-03-12-front_dist_onroad_AnnArbor-1-24661.jpg,"A traffic light shows green light ahead, Safe to turn left."
2019-03-12-front_dist_onroad_AnnArbor-1-24691.jpg,"A traffic light shows green light ahead, Safe to turn left."
2019-03-12-front_dist_onroad_AnnArbor-1-24751.jpg,"A traffic light shows green light ahead, Safe to turn left."
2019-03-12-front_dist_onroad_AnnArbor-1-25081.jpg,"A white car is stopping ahead, Slow down."
2019-03-12-front_dist_onroad_AnnArbor-1-25171.jpg,"A white car is stopping ahead, Slow down."
2019-03-12-front_dist_onroad_AnnArbor-1-25231.jpg,"A traffic light shows red light ahead and a white car is stopping at the intersection ,Please Stop."
2019-03-12-front_dist_onroad_AnnArbor-1-25951.jpg,"A traffic light shows green light ahead, Safe to go in low speed."
2019-03-12-front_dist_onroad_AnnArbor-1-26011.jpg,"A traffic light shows green light ahead, Safe to go in low speed."
2019-03-12-front_dist_onroad_AnnArbor-1-26371.jpg,"A traffic light shows green light ahead and a black car try to turn into the street, Safe to go in low speed."
2019-03-12-front_dist_onroad_AnnArbor-1-26581.jpg,"A traffic light shows green light ahead and a black car try to turn into the street, Safe to go in low speed."
2019-03-12-front_dist_onroad_AnnArbor-1-27721.jpg,"A stop sign is at the intersection, Slow down and stop."
2019-03-12-front_dist_onroad_AnnArbor-1-27751.jpg,"A stop sign is at the intersection, Slow down and stop."
2019-03-12-front_dist_onroad_AnnArbor-1-28201.jpg,"A white car is driving through the intersection, Stop and wait."
2019-03-12-front_dist_onroad_AnnArbor-1-28471.jpg,"A stop sign is at the intersection, Slow down and stop."
2019-03-12-front_dist_onroad_AnnArbor-1-28501.jpg,"A stop sign is at the intersection, Slow down and stop."
2019-03-12-front_dist_onroad_AnnArbor-1-29791.jpg,"A stop sign is at the intersection, Slow down and stop."
2019-03-12-front_dist_onroad_AnnArbor-1-29821.jpg,"A stop sign is at the intersection, Slow down and stop."
2019-03-12-front_dist_onroad_AnnArbor-1-30661.jpg,"A stop sign is at the intersection, Slow down and stop."
2019-03-12-front_dist_onroad_AnnArbor-1-30811.jpg,"A stop sign is at the intersection and a pedestrain is crossing the street, Slow down and stop."
2019-03-12-front_dist_onroad_AnnArbor-1-30841.jpg,"A stop sign is at the intersection and a pedestrain is crossing the street, Please Stop."
2019-03-12-front_dist_onroad_AnnArbor-1-31381.jpg,"A traffic light shows red light ahead, Slow down and stop."
2019-03-12-front_dist_onroad_AnnArbor-1-31441.jpg,"A traffic light shows red light ahead,  Stop and wait to go."
2019-03-12-front_dist_onroad_AnnArbor-1-31831.jpg,"A traffic light shows red light ahead and a white car is stopping at the intersection, Slow down and stop."
2019-03-12-front_dist_onroad_AnnArbor-1-31891.jpg,"A traffic light shows red light ahead and a white car is stopping at the intersection, Slow down and stop."
2019-03-12-front_dist_onroad_AnnArbor-1-33031.jpg,"A traffic light shows green light ahead, Safe to go in low speed."
2019-03-12-front_dist_onroad_AnnArbor-1-34321.jpg,"A traffic light shows red light ahead, Slow down and stop."
2019-03-12-front_dist_onroad_AnnArbor-1-35701.jpg,"A traffic light shows red light ahead and a black car is stopping at the intersection, Slow down and stop."
2019-03-12-front_dist_onroad_AnnArbor-1-01501.jpg,"A traffic light shows green light ahead, Safe to go straight."
2019-03-12-front_dist_onroad_AnnArbor-1-01561.jpg,"A traffic light shows yellow light ahead, Slow down and stop."
2019-03-12-front_dist_onroad_AnnArbor-1-01681.jpg,"Clear on road ahead, Safe to go."
2019-03-12-front_dist_onroad_AnnArbor-1-01741.jpg,"A traffic light shows yellow light ahead, Slow down and stop."
2019-03-12-front_dist_onroad_AnnArbor-1-01801.jpg,"A traffic light shows yellow light ahead, Slow down and stop."
2019-03-12-front_dist_onroad_AnnArbor-1-01981.jpg,"A traffic light shows red light ahead, A car is stopped ahead in a diatance, Safe to go in low speed, Slow down and stop."
2019-03-12-front_dist_onroad_AnnArbor-1-02071.jpg,"A traffic light shows red light ahead, A car is stopped ahead, Slow down and stop."
2019-03-12-front_dist_onroad_AnnArbor-1-02101.jpg,"A traffic light shows red light ahead, A car is stopped ahead, Slow down and stop."
2019-03-12-front_dist_onroad_AnnArbor-1-02701.jpg,"A traffic light shows red light ahead, A car is stopped ahead, Slow down and stop."
2019-03-12-front_dist_onroad_AnnArbor-1-04111.jpg,"A traffic light shows green light ahead, A car is driving slowly ahead, Safe to go in low speed."
2019-03-12-front_dist_onroad_AnnArbor-1-04201.jpg,"A traffic light shows green light ahead, A car is driving slowly ahead, Safe to go in low speed."
2019-03-12-front_dist_onroad_AnnArbor-1-04261.jpg,"A traffic light shows green light ahead, A car is driving slowly ahead, Safe to go in low speed."
2019-03-12-front_dist_onroad_AnnArbor-1-04711.jpg,"A car is driving slowly ahead, A stop sign is at the intersection, Slow down and stop."
2019-03-12-front_dist_onroad_AnnArbor-1-04771.jpg,"A car is driving slowly ahead, A stop sign is at the intersection, Slow down and stop."
2019-03-12-front_dist_onroad_AnnArbor-1-05311.jpg,"A traffic light shows red light ahead, Stop and wait to go."
2019-03-12-front_dist_onroad_AnnArbor-1-05341.jpg,"A traffic light shows red light ahead, Stop and wait to go."
2019-03-12-front_dist_onroad_AnnArbor-1-05401.jpg,"A traffic light shows red light ahead, Stop and wait to go."
2019-03-12-front_dist_onroad_AnnArbor-1-05431.jpg,"A traffic light shows red light ahead, Stop and wait to go."
2019-03-12-front_dist_onroad_AnnArbor-1-05761.jpg,"A traffic light shows red light ahead, A man is crossing the street, Stop and wait to go."
2019-03-12-front_dist_onroad_AnnArbor-1-05821.jpg,"A traffic light shows red light ahead, A man is crossing the street, Stop and wait to go."
2019-03-12-front_dist_onroad_AnnArbor-1-05851.jpg,"A traffic light shows red light ahead, A man is crossing the street, Stop and wait to go."
2019-03-12-front_dist_onroad_AnnArbor-1-06571.jpg,"A traffic light shows green light ahead, No pedestrain, Safe to go."
2019-03-12-front_dist_onroad_AnnArbor-1-06841.jpg,"A traffic light shows red light ahead, Stop and wait to go."
2019-03-12-front_dist_onroad_AnnArbor-1-06931.jpg,"A traffic light shows green light ahead, Safe to go."
2019-03-12-front_dist_onroad_AnnArbor-1-06991.jpg,"A traffic light shows green light ahead, Pedestrains are crossing the street, Stop and hold."
2019-03-12-front_dist_onroad_AnnArbor-1-07051.jpg,"A traffic light shows green light ahead, Pedestrains are crossing the street, Stop and hold."
2019-03-12-front_dist_onroad_AnnArbor-1-07411.jpg,"A traffic light shows red light ahead, Slow down, Stop and wait to go."
2019-03-12-front_dist_onroad_AnnArbor-1-07471.jpg,"A traffic light shows red light ahead, Slow down, Stop and wait to go."
2019-03-12-front_dist_onroad_AnnArbor-1-07531.jpg,"A traffic light shows red light ahead,  Stop and wait to go."
2019-03-12-front_dist_onroad_AnnArbor-1-08581.jpg,"A traffic light shows red light ahead, Slow down to the traffic light."
2019-03-12-front_dist_onroad_AnnArbor-1-08671.jpg,"A traffic light shows red light ahead, Pedestrains are crossing the street, Stop and wait to go."
2019-03-12-front_dist_onroad_AnnArbor-1-08731.jpg,"A traffic light shows red light ahead, Pedestrains are crossing the street, Stop and wait to go."
2019-03-12-front_dist_onroad_AnnArbor-1-08791.jpg,"A traffic light shows red light ahead, Pedestrains are crossing the street, Stop and wait to go."
2019-03-12-front_dist_onroad_AnnArbor-1-09151.jpg,"A traffic light shows green light ahead, Safe to go."
2019-03-12-front_dist_onroad_AnnArbor-1-09421.jpg,"A traffic light shows red light ahead, Slow down and stop."
2019-03-12-front_dist_onroad_AnnArbor-1-09481.jpg,"A traffic light shows red light ahead, Stop and hold."
2019-03-12-front_dist_onroad_AnnArbor-1-09931.jpg,"A traffic light shows red light ahead, Pedestrains are crossing the street, Stop and hold."
2019-03-12-front_dist_onroad_AnnArbor-1-09961.jpg,"A traffic light shows red light ahead, Pedestrains are crossing the street, Stop and hold."
2019-03-12-front_dist_onroad_AnnArbor-1-10771.jpg,"A traffic light shows red light ahead, Pedestrains are crossing the street, Stop and hold."
2019-03-12-front_dist_onroad_AnnArbor-1-11041.jpg,"A traffic light shows green light ahead, No cars and pedestrians, Safe to go."
2019-03-12-front_dist_onroad_AnnArbor-1-11371.jpg,"A traffic light shows green light ahead, A car is stopped ahead, Safe to go in low speed."
2019-03-12-front_dist_onroad_AnnArbor-1-11431.jpg,"A traffic light shows green light ahead, A car is stopped very close, Slow down and stop."
2019-02-03-front_dist_onroad_AnnArbor00001.jpg,"A traffic light shows green light ahead, A car is drving very slowly ahead, Safe to go in low speed."
2019-02-03-front_dist_onroad_AnnArbor00181.jpg,"A traffic light shows green light ahead, A car is drving very slowly ahead, Safe to go in low speed."
2019-02-03-front_dist_onroad_AnnArbor00241.jpg,"A traffic light shows green light ahead, A car is turing left ahead, Safe to go."
2019-02-03-front_dist_onroad_AnnArbor00721.jpg,"Stop sign ahead, Slow down, stop and hold."
2019-02-03-front_dist_onroad_AnnArbor00781.jpg,"Stop sign ahead, Slow down, stop and hold."
2019-02-03-front_dist_onroad_AnnArbor00991.jpg,"A traffic light shows yellow light ahead, Slow down and stop."
2019-02-03-front_dist_onroad_AnnArbor01021.jpg,"A traffic light shows yellow light ahead, Slow down and stop."
2019-02-03-front_dist_onroad_AnnArbor01141.jpg,"A car is driving slowly ahead, A stop sign is at the intersection, Slow down and stop."
2019-02-03-front_dist_onroad_AnnArbor01291.jpg,"A car is driving slowly ahead, A stop sign is at the intersection, Slow down and stop."
2019-02-03-front_dist_onroad_AnnArbor01351.jpg,"A car is driving slowly ahead, A stop sign is at the intersection, Slow down and stop."
2019-02-03-front_dist_onroad_AnnArbor01381.jpg,"Clear on road ahead, Safe to go."
2019-02-03-front_dist_onroad_AnnArbor01471.jpg,"A car is driving slowly ahead, A stop sign is at the intersection, Slow down and stop."
2019-02-03-front_dist_onroad_AnnArbor01501.jpg,"A car is driving slowly ahead, A stop sign is at the intersection, Slow down and stop."
2019-02-03-front_dist_onroad_AnnArbor01531.jpg,"A car is driving slowly ahead, A stop sign is at the intersection, Slow down and stop."
2019-02-03-front_dist_onroad_AnnArbor01891.jpg,"A car is driving slowly ahead, A stop sign is at the intersection, Slow down and stop."
2019-02-03-front_dist_onroad_AnnArbor01921.jpg,"A car is driving slowly ahead,Slow down."
2019-02-03-front_dist_onroad_AnnArbor02101.jpg,"A car is driving slowly ahead,Slow down."
2019-02-03-front_dist_onroad_AnnArbor02251.jpg,"A traffic light shows green light ahead, A car is driving ahead, Safe to go."
2019-02-03-front_dist_onroad_AnnArbor02371.jpg,"A traffic light shows green light ahead, A car is driving ahead, Safe to go."
2019-02-03-front_dist_onroad_AnnArbor02431.jpg,"A traffic light shows green light ahead, A car is driving ahead, Safe to go."
2019-02-03-front_dist_onroad_AnnArbor02461.jpg,"A traffic light shows green light ahead, A car is driving ahead, Safe to go."
2019-02-03-front_dist_onroad_AnnArbor02491.jpg,"A traffic light shows yellow light ahead, Speed up and pass the traffic light."
2019-02-03-front_dist_onroad_AnnArbor02551.jpg,"A traffic light shows green light ahead, A car is driving ahead, Safe to go."
2019-02-03-front_dist_onroad_AnnArbor02581.jpg,"A traffic light shows green light ahead, A car is driving ahead, Safe to go."
2019-02-03-front_dist_onroad_AnnArbor02611.jpg,"A traffic light shows green light ahead, A car is driving ahead, Safe to go."
2019-02-03-front_dist_onroad_AnnArbor02641.jpg,"A traffic light shows green light ahead, A car is driving ahead, Safe to go."
2019-02-03-front_dist_onroad_AnnArbor02701.jpg,"A traffic light shows yellow light ahead, Slow down and stop."
2019-02-03-front_dist_onroad_AnnArbor02761.jpg,"A traffic light shows yellow light ahead, Slow down and stop."
2019-02-03-front_dist_onroad_AnnArbor02941.jpg,"A traffic light shows red light ahead,  A car is stopped ahead, Slow down to the traffic light."
2019-02-03-front_dist_onroad_AnnArbor03031.jpg,"A traffic light shows red light ahead,  A car is stopped ahead, Slow down and stop."
2019-02-03-front_dist_onroad_AnnArbor03091.jpg,"A traffic light shows red light ahead,  A car is stopped ahead, Stop and hold."
2019-02-03-front_dist_onroad_AnnArbor03121.jpg,"A traffic light shows red light ahead,  A car is stopped ahead, Stop and hold."
2019-02-03-front_dist_onroad_AnnArbor03181.jpg,"A traffic light shows red light ahead,  A car is stopped ahead, Stop and hold."
2019-02-03-front_dist_onroad_AnnArbor03271.jpg,"A traffic light shows red light ahead,  A car is stopped ahead, Stop and hold."
2019-02-03-front_dist_onroad_AnnArbor03301.jpg,"A traffic light shows red light ahead, Pedestrains are crossing the street, Stop and hold."
2019-02-03-front_dist_onroad_AnnArbor03481.jpg,"A traffic light shows red light ahead, Stop and hold."
2019-02-03-front_dist_onroad_AnnArbor03721.jpg,"A traffic light shows red light ahead, Pedestrains are crossing the street, Stop and hold."
2019-02-03-front_dist_onroad_AnnArbor04321.jpg,"A traffic light shows red light ahead, Stop and hold."
2019-02-03-front_dist_onroad_AnnArbor04441.jpg,"A traffic light shows red light ahead, Stop and hold."
2019-02-03-front_dist_onroad_AnnArbor04921.jpg,"A traffic light shows green light ahead, Pedestrains are crossing the street on the right, Hold until no pedestians."
2019-02-03-front_dist_onroad_AnnArbor05011.jpg,"A traffic light shows green light ahead, Pedestrains are crossing the street on the right, Hold until no pedestians."
2019-02-03-front_dist_onroad_AnnArbor05071.jpg,"A traffic light shows green light ahead, Pedestrains are crossing the street on the right, Hold until no pedestians."
2019-02-03-front_dist_onroad_AnnArbor05401.jpg,"A traffic light shows red light ahead, Pedestrains are crossing the street on the right, Safe to go in low speed."
2019-02-03-front_dist_onroad_AnnArbor05461.jpg,"A traffic light shows red light ahead, Safe to go in low speed."
2019-02-03-front_dist_onroad_AnnArbor05521.jpg,"A traffic light shows red light ahead, Slow down and stop."
2019-02-03-front_dist_onroad_AnnArbor05581.jpg,"A traffic light shows red light ahead, Pedestrains are crossing the street, Slow down and stop."
2019-02-03-front_dist_onroad_AnnArbor05641.jpg,"A traffic light shows red light ahead, Pedestrains are crossing the street, Slow down and stop."
2019-02-03-front_dist_onroad_AnnArbor06031.jpg,"A traffic light shows green light ahead, Safe to go."
2019-02-03-front_dist_onroad_AnnArbor06121.jpg,"A traffic light shows green light ahead, Safe to go."
2019-03-12-front_dist_onroad_AnnArbor-1-00181.jpg,"A traffic light shows red light ahead, Stop and hold."
2019-03-12-front_dist_onroad_AnnArbor-1-00241.jpg,"A traffic light shows red light ahead, Stop and hold."
2019-03-12-front_dist_onroad_AnnArbor-1-00301.jpg,"A traffic light shows red light ahead, Stop and hold."
2019-03-12-front_dist_onroad_AnnArbor-1-00361.jpg,"A traffic light shows red light ahead, Stop and hold."
2019-03-12-front_dist_onroad_AnnArbor-1-00451.jpg,"A traffic light shows red light ahead, Stop and hold."
2018-6-24_front_dist_onroad_AnnArbor2-07321.jpg,"A stop sign is shown in a distance, Safe to go in low speed."
2018-6-24_front_dist_onroad_AnnArbor2-07351.jpg,"A stop sign is at the intersection, Slow down."
2018-6-24_front_dist_onroad_AnnArbor2-08101.jpg,"Clear on road ahead, Safe to go."
2019-02-03-front_dist_onroad_AnnArbor-4-2878.jpg,"Pedestrains are crossing the street, Stop and hold."
